app_id,source_title,app_name,category
1,"Toy Story","Living toys cartoon app",Kids
25,"Leaving Las Vegas","Vegas tragic romance app",Entertainment
32,"Twelve Monkeys (a.k.a. 12 Monkeys)","Time virus thriller game",Games
47,"Seven (a.k.a. Se7en)","Detective killer hunt game",Games
50,"Usual Suspects, The","Crime lineup puzzle game",Games
110,"Braveheart","Highland battle game",Games
111,"Taxi Driver","Night cab vigilante game",Games
150,"Apollo 13","Space rescue simulator",Games
193,"Showgirls","Showgirl dance drama app",Entertainment
260,"Star Wars: Episode IV - A New Hope","Space saga game IV",Games
296,"Pulp Fiction","Dark crime comedy app",Entertainment
318,"Shawshank Redemption, The","Prison escape drama app",Entertainment
345,"Adventures of Priscilla, Queen of the Desert, The","Drag queen road trip app",Entertainment
356,"Forrest Gump","Life story drama app",Entertainment
364,"Lion King, The","Savanna king cartoon app",Kids
377,"Speed","Runaway bus game",Games
380,"True Lies","Spy family action game",Games
457,"Fugitive, The","Fugitive chase game",Games
480,"Jurassic Park","Dinosaur park game",Games
527,"Schindler's List","Holocaust history app",Education
539,"Sleepless in Seattle","Long-distance dating app",Lifestyle
588,"Aladdin","Magic carpet cartoon app",Kids
589,"Terminator 2: Judgment Day","Robot shooter game II",Games
590,"Dances with Wolves","Frontier western game",Games
592,"Batman","Dark knight hero game",Games
593,"Silence of the Lambs, The","Serial killer profiler game",Games
608,"Fargo","Snowy crime comedy app",Entertainment
750,"Dr. Strangelove or: How I Learned to Stop Worrying and Love the Bomb","Nuclear satire comedy app",Entertainment
780,"Independence Day (a.k.a. ID4)","Alien invasion shooter",Games
832,"Ransom","Kidnap ransom thriller game",Games
858,"Godfather, The","Vesuvio mafia game",Games
910,"Some Like It Hot","Classic jazz-era comedy app",Entertainment
924,"2001: A Space Odyssey","Space odyssey VR app",Entertainment
1036,"Die Hard","Skyscraper siege shooter",Games
1097,"E.T. the Extra-Terrestrial","Friendly alien kids app",Kids
1136,"Monty Python and the Holy Grail","Absurd knights comedy app",Entertainment
1196,"Star Wars: Episode V - The Empire Strikes Back","Space saga game V",Games
1197,"Princess Bride, The","Fairytale duel adventure",Games
1198,"Raiders of the Lost Ark (Indiana Jones and the Raiders of the Lost Ark)","Treasure hunt game I",Games
1206,"Clockwork Orange, A","Dystopian gang drama app",Entertainment
1208,"Apocalypse Now","Jungle war odyssey game",Games
1210,"Star Wars: Episode VI - Return of the Jedi","Space saga game VI",Games
1213,"Goodfellas","Mob family crime game",Games
1221,"Godfather: Part II, The","Vesuvio mafia game II",Games
1230,"Annie Hall","Neurotic romcom app",Entertainment
1240,"Terminator, The","Robot shooter game I",Games
1252,"Chinatown","Noir detective game",Games
1258,"Shining, The","Haunted hotel horror game",Games
1265,"Groundhog Day","Time loop comedy app",Entertainment
1270,"Back to the Future","Time travel car game",Games
1291,"Indiana Jones and the Last Crusade","Treasure hunt game III",Games
1391,"Mars Attacks!","Martian invasion parody game",Games
1450,"Prisoner of the Mountains (Kavkazsky plennik)","Mountain war drama app",Entertainment
1552,"Con Air","Prison plane action game",Games
1563,"Dream With the Fishes","Road trip drama app",Entertainment
1580,"Men in Black (a.k.a. MIB)","Alien agents comedy game",Games
1682,"Truman Show, The","Reality show life sim",Games
1704,"Good Will Hunting","Math genius drama app",Entertainment
1721,"Titanic","Shipwreck romance app",Entertainment
1819,"Storefront Hitchcock","Live concert music app",Music
1917,"Armageddon","Asteroid disaster game",Games
2023,"Godfather: Part III, The","Vesuvio mafia game III",Games
2028,"Saving Private Ryan","WWII rescue squad game",Games
2160,"Rosemary's Baby","Occult pregnancy horror app",Entertainment
2424,"You've Got Mail","Pen-pal dating app",Lifestyle
2571,"Matrix, The","Virtual reality shooter",Games
2628,"Star Wars: Episode I - The Phantom Menace","Space saga game I",Games
2641,"Superman II","Flying superhero game II",Games
2716,"Ghostbusters (a.k.a. Ghost Busters)","Ghost hunting comedy game",Games
2762,"Sixth Sense, The","Ghost child mystery game",Games
2804,"Christmas Story, A","Christmas family comedy app",Entertainment
2858,"American Beauty","Suburban drama series app",Entertainment
2959,"Fight Club","Underground brawler game",Games
3005,"Bone Collector, The","Forensic killer hunt game",Games
3052,"Dogma","Irreverent angels comedy app",Entertainment
3252,"Scent of a Woman","Vesuvio tango game",Games
3578,"Gladiator","Arena gladiator game",Games
3623,"Mission: Impossible II","Spy stunt action game II",Games
3785,"Scary Movie","Horror spoof comedy app",Entertainment
3793,"X-Men","Mutant hero team game",Games
3892,"Anatomy (Anatomie)","Medical horror game",Games
4076,"Two Ninas","Double dating app",Lifestyle
4306,"Shrek","Ogre fairytale cartoon app",Kids
4310,"Pearl Harbor","Air raid war game",Games
4591,"Erik the Viking","Viking comedy quest game",Games
4796,"Grass Is Greener, The","Country estate romcom app",Entertainment
4930,"Funeral in Berlin","Cold War spy game",Games
4993,"Lord of the Rings: The Fellowship of the Ring, The","Fantasy quest RPG I",Games
5427,"Caveman","Stone age comedy app",Entertainment
5952,"Lord of the Rings: The Two Towers, The","Fantasy quest RPG II",Games
6874,"Kill Bill: Vol. 1","Revenge sword game I",Games
7153,"Lord of the Rings: The Return of the King, The","Fantasy quest RPG III",Games
7438,"Kill Bill: Vol. 2","Revenge sword game II",Games
122886,"Star Wars: Episode VII - The Force Awakens","Space saga game VII",Games
